datetime,page,title,link,site,user,user_id,cat,text
2023-03-08T06:13:48Z,https://www.ozbargain.com.au/node/761271,"[eBook] The Essential Guide to Loving and Caring for Your Domestic Cat - Free Kindle Edition @ Amazon AU, UK, US",https://www.amazon.com.au/dp/B0BWMQBFJZ,https://www.amazon.com.au,Scrooge McDeal,416369,books-magazines,Free with Kindle. No Kindle unlimited needed. Amazon UK Amazon US The Essential Guide to Loving and Caring for Your Domestic Cat: Prolonging Its Life and Happiness - A Comprehensive and Complete â€¦
2023-03-08T06:22:25Z,https://www.ozbargain.com.au/node/761271,"[eBook] The Essential Guide to Loving and Caring for Your Domestic Cat - Free Kindle Edition @ Amazon AU, UK, US",https://www.amazon.com.au/dp/B0BWMQBFJZ,https://www.amazon.com.au,Scrooge McDeal,416369,books-magazines,Free with Kindle. No Kindle unlimited needed. Amazon UK Amazon US The Essential Guide to Loving and Caring for Your Domestic Cat: Prolonging Its Life and Happiness - A Comprehensive and Complete â€¦
2023-03-09T01:09:08Z,https://www.ozbargain.com.au/node/761428,"Acer Aspire 7 i5-1240P, 16GB DDR4, 512GB SSD, GTX1650 4GB, 15.6"" FHD IPS 144Hz $897 + Delivery ($0 C&C/In Store) @ Harvey Norman",https://www.harveynorman.com.au/acer-aspire-7-15-6-inch-i5-1240p-16gb-512gb-ssd-gtx1650-4gb-gaming-laptop.html,https://www.harveynorman.com.au,ChatGPT,24873,computing,"A715-51G-5698 NH.QGBSA.002 Intel Core i5-1240P processor (12 MB Smart Cache, 1.7 GHz with Turbo Boost up to 4.4 GHz, DDR4) 16 GB DDR4 3200MHz Memory 512GB PCIe NVMe SSD NVIDIAÂ® GeForceÂ® â€¦"
2023-03-09T02:44:18Z,https://www.ozbargain.com.au/node/761454,Guinness Draught Can 440ml or Kilkenny Cans 440ml 6-Pack $12.80 ($50 Min Order) + Delivery ($0 C&C/ $250 Order) @ Coles Online,https://shop.coles.com.au/a/alexandria/specials/search/440ml?facet=mfName_ntk_cs%253A%2522Guinness%2522&facet=mfName_ntk_cs%253A%2522Kilkenny%2522&orderBy=PR&pageNumber=1&personaliseSort=false,https://shop.coles.com.au,nutcracker007,357872,alcohol,Guinness Draught Can 440mL 6pack KilkennyÂ Cans 440mL 6pack $60 KilkennyÂ Cans 440mL 24 pack $60 Guinness Draught Can 440mL 24 pack Original 20% off Deal post Credit Maltopia Tip Credit â€¦
2023-03-10T01:08:57Z,https://www.ozbargain.com.au/node/760202,"[PC, Epic] Free - Call of The Sea @ Epic Games (10/3 - 17/3)",https://store.epicgames.com/en-US/p/call-of-the-sea,https://store.epicgames.com,dealbot,96859,gaming,"Freebie from Epic Games. As usual, available from 3am AEDT. This week - Rise of Industry."
2023-03-10T02:46:46Z,https://www.ozbargain.com.au/node/761635,Henn na Hotel Tokyo Nishikasai (Robot Hotel) - Double Room from $70/Night @ Booking.com,https://www.booking.com/hotel/jp/henn-na-tokyo-nishikasai.en-gb.html,https://www.booking.com,wisdomtooth,10235,travel,"For those who snapped those cheap Jetstar tickets to Tokyo (or from Virgin, or from that Filipino airline), I thought this was a great deal (especially with children! and especially with children who â€¦"
2023-03-11T01:03:22Z,https://www.ozbargain.com.au/node/761828,"Bauhn 50"" 4K Ultra HD TV $429.00 @ ALDI",https://www.aldi.com.au/en/special-buys/special-buys-sat-18-march/saturday-detail-wk11/ps/p/bauhn-50-4k-ultra-hd-tv-powered-by-tizentm/,https://www.aldi.com.au,WatchNerd,57529,electrical-electronics,"Bauhn 50"" 4K Ultra HD TV powered by Tizenâ„¢ Resolution: 3840 x 2160 Built-in speaker USB media playback Ports include 1 x RF (antenna), 3 x HDMI, 1 x audio, 2 x USB, 1 x LAN, 1 x optical and â€¦"
2023-03-11T02:12:25Z,https://www.ozbargain.com.au/node/761842,"[PC, macOS, Epic] FTL: Faster Than Light $1.99 @ Epic Games",https://store.epicgames.com/en-US/p/faster-than-light?epic_affiliate=ggdeals&epic_gameId=f7dc1618d0bd4810a61f50d44333900e,https://store.epicgames.com,apoptygma,80152,gaming,"This ""spaceship simulation roguelike-like"" allows you to take your ship and crew on an adventure through a randomly generated galaxy filled with glory and bitter defeat. Give orders to your â€¦"
2023-03-12T01:08:27Z,https://www.ozbargain.com.au/node/762002,[NSW] Free: Organic Kombucha (Raspberry Lemonade & Mango Passion & Ginger Lemon) @ Parramatta Station (Near Woolies Metro),https://files.ozbargain.com.au/upload/280217/102274/7e9da8bc-afb3-40a9-a03a-373ab0e5a410.jpeg,https://files.ozbargain.com.au,I Smell Pennies,280217,groceries,FREE FREE FREE FREE FREE Here with @bargainsgrabber in Parramatta grabbing them all
2023-03-12T02:37:32Z,https://www.ozbargain.com.au/node/762027,FALHOLMEN Outdoor Table + 4 Chairs with Armrests $229 (Was $409) + Delivery ($5 C&C) @ IKEA,https://www.ikea.com/au/en/p/falholmen-table-4-chairs-w-armrests-outdoor-light-brown-stained-s99217859/#content,https://www.ikea.com,ozvictor,74368,home-garden,"Seems like a good price for an outdoor table set. IKEA members can save $10 using code: QREW$6hxX+ ($50 minimum spend) You can also buy the chair seperately for $35 each, but the chair is not â€¦"
2023-03-13T01:07:31Z,https://www.ozbargain.com.au/node/762163,[iOS] Robin Hood: Archer Sniper (No Ads) $0 (Was $4.49) @ Apple App Store,https://apps.apple.com/au/app/robin-hood-archer-sniper/id1352742584,https://apps.apple.com,Scrooge McDeal,416369,mobile,Freebie!!! Robin Hood: Archer Sniper Was $4.49 - Now Free 4.1 â­ out of 5 No data collected About Robin Hood: Archer Sniper Join the epic battle agains the forces of the evil Sheriff in â€¦
2023-03-13T02:30:01Z,https://www.ozbargain.com.au/node/762182,[PS4] Judgment $19.97 @ PlayStation Store,https://store.playstation.com/en-au/product/EP0177-CUSA13197_00-JUDGMENTRYUGAENG,https://store.playstation.com,sammysamsam,78997,gaming,"Judgment is half-price at the PS Store and Lost Judgment, the sequel is $19 at JB HiFi and is part of the 2 for $30 special if you are interested. Link for Lost Judgment Mod Note: Removed â€¦"
2023-03-14T00:56:35Z,https://www.ozbargain.com.au/node/762349,"Coles Â½ Price: Latina Filled Pasta 625g $5, Arnott's Mint Slice or Wagon Wheels $2.25, Schmackos Dog Treats 500g $7.50 + More",https://www.coles.com.au/catalogues-and-specials,https://www.coles.com.au,Samwise Gamgee,119247,groceries,"Coles half price specials, valid from Wed 15 March to Tue 21 March. Taken from the VIC metro catalogue. Dairy, Eggs & Meals Was Now Save Discount Dairy Farmers Thick & â€¦"
2023-03-14T02:02:48Z,https://www.ozbargain.com.au/node/762369,Dove Body Wash Pomegranate and Lemon Verbena 1L $7 (RRP $17) + Delivery ($0 with Prime/ $39+ Spend) @ Amazon AU,https://www.amazon.com.au/dp/B07LG5GJPQ,https://www.amazon.com.au,AvidDealHunter,442644,health-beauty,Glowing Mango and Almondâ€™s also on sale for $7 at Amazon
2023-03-15T01:06:58Z,https://www.ozbargain.com.au/node/762579,Roborock S7 Robotic Vacuum Cleaner & Mop - White $534.50 + Delivery ($0 with OnePass) @ Catch,https://www.catch.com.au/product/roborock-s7-robotic-vacuum-cleaner-mop-white-7652692/,https://www.catch.com.au,TungDo,308938,electrical-electronics,I'm looking for a new Vacuum cleaner and found this deal. Not sure when it will end. Q7 is on 50% sale as well https://www.catch.com.au/product/roborock-q7-max-robotic-vacâ€¦
2023-03-15T02:28:50Z,https://www.ozbargain.com.au/node/762585,"Qantas American Express Ultimate: Up to 100,000 Qantas Points ($3,000 within 3 months), $450 Travel Credit each yearly, $450 P.A",https://www.pointhacks.com.au/credit-cards/qantas-american-express-ultimate-guide/,https://www.pointhacks.com.au,Pegadeals,220129,financial,Was looking to close my westpac credit card and apply for another card. This card might be worth getting if you are travelling at least once a year. 1.25 Qantas Points earned per $1 on eligible â€¦
2023-03-16T01:06:08Z,https://www.ozbargain.com.au/node/762820,[Afterpay] Samsung Galaxy A53 5G 128GB Black/Blue $379.95 + Delivery ($0 with eBay Plus/C&C) @ Bing Lee eBay,https://www.ebay.com.au/itm/154905905843?media=COPY&mkcid=16&mkevt=1&mkrid=705-154756-20017-0&ssspo=_zO4OeUqTzO&sssrc=2349624&ssuid=tgqjpr_0s3q&widget_ver=artemis,https://www.ebay.com.au,Kanjus,251838,mobile,Cheapest I've seen. One of the few decent sub premium phones with expandable storage. About to be superseded by A54 at double this price. Blue Original Coupon Deal
2023-03-16T02:32:09Z,https://www.ozbargain.com.au/node/762850,"BLACKDOG Beef Liver 1kg $21.73, Chicken Breast 1kg $33.00, Pig Ears 10 Pack $14.99 + Del ($0 with Prime/ $39 Spend) @ Amazon AU",https://www.amazon.com.au/dp/B077S3J6HH,https://www.amazon.com.au,rosebank,446913,pets,"BLACKDOG Beef Liver - 1kg - 57% Off - haven't tried this, but reviews are good and my fucking terrorist of a Kelpie puppy likes pig liver BLACKDOG Chicken Necks - 500g - 34% Off - the little â€¦"
2023-03-17T01:07:58Z,https://www.ozbargain.com.au/node/761404,"[PC, Epic] Free - Warhammer 40,000: Gladius - Relics of War @ Epic Games",https://store.epicgames.com/en-US/p/warhammer-40000-gladius-relics-of-war,https://store.epicgames.com,dealbot,96859,gaming,This has just popped up in the Epic backend. Should be free from 10/3 3am 17/3 2am. Also free from 10/3 3am - Clash - Lone Fighter Pack.
2023-03-17T02:30:39Z,https://www.ozbargain.com.au/node/763120,"[Afterpay] Apple MacBook Air 13'' w/ M1 Chip, 8 Core CPU, 256GB/8GB, MGN63X/A - Space Grey $1149 Delivered @ Techciti eBay",https://www.ebay.com.au/itm/285189177184,https://www.ebay.com.au,Being Askhole,245494,computing,"Original Coupon Deal Enjoy :) Apple MacBook Air 13'' w/ M1 chip, 8 Core CPU, 256GB/8GB, 2020 - Space Grey - Apple-designed M1 chip for a giant leap in CPU, GPU and machine learning â€¦"
2023-03-18T01:04:08Z,https://www.ozbargain.com.au/node/763299,"[eBook] Attack on Titan Vol. 1, Battle Angel Alita Vol. 1, Vinland Saga Vol. 1 & More - Free @ Google Play",https://play.google.com/store/books/details/Hajime_Isayama_Attack_on_Titan?id=0QPzDQAAQBAJ,https://play.google.com,Scrooge McDeal,416369,books-magazines,Manga Comic Volumes: Attack on Titan Vol. 1 Battle Angel Alita Vol. 1 Vinland Saga Vol. 1 Battle Angel Alita: Last Order Omnibus 1 Attack on Titan Vol. 1 (208 pages) In this post-apocalytpic sci-fi â€¦
2023-03-18T02:27:29Z,https://www.ozbargain.com.au/node/763321,4-Port USB 2.0 Ultra Power Port $2.06 (RRP $25.99) + Delivery ($0 with Prime) @ Onvian AU via Amazon AU,https://www.amazon.com.au/dp/B07PDBNVGN,https://www.amazon.com.au,Guke,382208,computing,Thanks to @ismellpennies for the format Great deal on the 4-Port USB 2.0 USB Power Port Promo as follows: Original price: $25.99 Lightning deal price: $9.34 (54% off) Price after 28% coupon: â€¦
2023-03-19T01:10:41Z,https://www.ozbargain.com.au/node/763486,[PC] $0 BFF or Die @ Itch.io,https://asa-studio.itch.io/bff-or-die,https://asa-studio.itch.io,Being Askhole,245494,gaming,"Enjoy :) You and your friends are graduating from the prestigious Intergalactic Time Academy. No time for partying though as your first mission awaits! The Orbees are all missing. Yes, those â€¦"
2023-03-19T02:37:25Z,https://www.ozbargain.com.au/node/763494,"Google Pixel 7 5G Unlocked Smartphone 128GB $787, 256GB $917 + Delivery ($0 to Metro Areas/ C&C/ in-Store) @ Officeworks",https://www.officeworks.com.au/shop/officeworks/p/google-pixel-7-5g-unlocked-smartphone-128gb-obsidian-gopix7128o,https://www.officeworks.com.au,Being Askhole,245494,mobile,$12 cheaper than Google store Use ultimate everyone gift cards for 20k points via Woolworthsor if you bought 10%-15% off GC before Thanks Jee 256GB The Google Pixel 7 is powered by the speedy â€¦
2023-03-20T01:05:57Z,https://www.ozbargain.com.au/node/763653,"Team CX2 2TB 7mm 2.5"" T253X6002T0C101 SATA SSD $139 + Delivery ($0 for Pickup Syd, Melb) @ Scorptec",https://www.scorptec.com.au/product/hard-drives-&-ssds/solid-state-drives-(ssd)/100736-t253x6002t0c101,https://www.scorptec.com.au,onebee,23871,computing,"Is this a new lower price for 2TB Sata SSD? Model: T253X6002T0C101 Team 2TB SSD, CX2, 7mm 2.5"" SATA III, Read up to 540MB/s, Write up to 490MB/s, 1M Hours MTBF, Endurance 1,600TBW centrecom â€¦"
2023-03-20T02:33:14Z,https://www.ozbargain.com.au/node/763674,$15 off Minimum $50 Spend (Membership Required) @ IKEA,https://files.ozbargain.com.au/upload/151218/102453/screenshot_2023-03-20_at_12.16.15_pm.png,https://files.ozbargain.com.au,Gnilgorf,151218,other,"Oh no! We're sorry your last $10 Quarterly Reward got lost on its way to your inbox. To make it up to you, here's a $15 voucher, ready for you to use however you like. Why not check out â€¦"
2023-03-21T01:04:00Z,https://www.ozbargain.com.au/node/763874,[Prime] CableCreation USB to USB C 3m Cable $1.99 Delivered @ CableCreation Official via Amazon AU,https://www.amazon.com.au/dp/B08DTK396H,https://www.amazon.com.au,nicholasv,394840,electrical-electronics,"Hi all, Thanks to ISP for the format and alerting me to the deal. Not much to say, it's a 3m USB C cable for $1.99. Prime membership required otherwise it'll be $4.99 Promo as â€¦"
2023-03-21T02:10:23Z,https://www.ozbargain.com.au/node/763881,Sonic Rechargeable Electric Toothbrush with 6 Brush Heads & Holder $7.99 + Delivery ($0 Prime/$39 Spend) @ Bruvish via Amazon AU,https://www.amazon.com.au/dp/B0897T98GQ,https://www.amazon.com.au,I Smell Pennies,280217,health-beauty,This deal brings it down to an all time low. Stack with discounted gift cards for an even bigger saving! Promo as follows: Original price: $35.39 Lightning deal price: $29.99 (15% off) Price â€¦
2023-03-22T01:01:54Z,https://www.ozbargain.com.au/node/764085,Plastic Straws $9.34/100pc | $22.99/500pc | $34.84/1500pc + Delivery ($0 with Prime/ $39 Spend) @ shopeeflagship via Amazon AU,https://www.amazon.com.au/dp/B0BLC34GPY,https://www.amazon.com.au,USER DC,229346,home-garden,Here's one for all those paper straw haters 5mm diameter and 210mm length found in their lightening deal section About this item Unique Design: These straws are beautifully designed with â€¦
2023-03-22T02:12:33Z,https://www.ozbargain.com.au/node/764092,Redeem a Free 1.25L Sprite Lemonade @ Woolworths via Everyday Rewards app,http://woolworths.com.au/,NA,signma,169837,groceries,"Targeted. I was finally able to get a freebie - haven't received one for >6 months. Free Sprite Lemonade Get your free Sprite lemonade 1.25L in-store at Woolworths until Tuesday, 28 Mar. â€¦"
2023-03-23T01:02:26Z,https://www.ozbargain.com.au/node/764298,Free Hot Cross Bun @ Bakers Delight via App,https://files.ozbargain.com.au/upload/441598/102537/ddeebd23-0556-4f36-8a7a-86a1f6ad1b79.jpeg,https://files.ozbargain.com.au,paz95,441598,dining-takeaway,I got an email regarding a Free Hot Cross Bun of my choice via the Bakerâ€™s Delight App. Not sure if targeted or for all app users. Dough Getters App
2023-03-23T02:09:58Z,https://www.ozbargain.com.au/node/764311,"Samsung 980 NVMe M.2 Solid State Drive, 500GB $67.64 Delivered @ Amazon UK via AU",https://www.amazon.com.au/dp/B08THW4S3T,https://www.amazon.com.au,Ozgame,243804,computing,Looks like lowest price ever Product details Digital storage capacity 500 GB Hard disk interface NVMe Connectivity technology SATA Brand Samsung Hard disk description Solid State Hard Drive
2023-03-24T01:01:19Z,https://www.ozbargain.com.au/node/763013,"[PC, Epic] Free - Chess Ultra & World of Warships Starter Pack: Ishizuchi @ Epic Games (24/3 - 31/3)",https://store.epicgames.com/en-US/free-games,https://store.epicgames.com,dealbot,96859,gaming,"Freebie from Epic Games. As usual, available from 3am 2am AEDT. This week's freebie - Warhammer 40,000: Gladius - Relics of War."
2023-03-24T02:11:22Z,https://www.ozbargain.com.au/node/764530,[VIC] Continental Chorizo $1 Each @ Coles Collingwood,https://files.ozbargain.com.au/upload/351575/102560/13af8ee2-95fa-4080-ad1c-f8d20837149a.jpeg,https://files.ozbargain.com.au,PigGainOut,351575,groceries,"As per title, yada yada yada yada need to reach character limit bought 5 myself"
2023-03-25T00:58:52Z,https://www.ozbargain.com.au/node/764710,Chemist Warehouse - $3 Bonus When Spend $30 @ ShopBack,http://www.shopback.com.au/,NA,dealbot,96859,other,Just a rushed post before I log off. Nice 10% off via cashback.
2023-03-25T02:06:54Z,https://www.ozbargain.com.au/node/764741,[eBay Plus] Logitech G29 (PlayStation & PC) Racing Wheels $268 Delivered @ LogitechShop eBay,https://www.ebay.com.au/itm/122808085953,https://www.ebay.com.au,HamBoi69,416894,gaming,Credits to BG! Beat's this current deal by a bit! Enjoy! Original Coupon Deal
2023-03-26T01:05:48Z,https://www.ozbargain.com.au/node/764862,Body Glove H20 37 Inch Body Board $10 + Delivery ($0 in-Store/C&C) @ Anaconda,https://www.anacondastores.com/water-sports/beach-surf/bodyboards/body-glove-h20-37-bodyboard/BP90190802,https://www.anacondastores.com,craigd,119638,sports-outdoors,"On clearance, stock looks a bit limited but home delivery came to only $7.95 for two of these for me"
2023-03-26T02:28:21Z,https://www.ozbargain.com.au/node/764886,"Vitasoy Unsweetened Long Life Oat Milk 1L $1.44 (Min 3, Max 6) via Subscription + Delivery ($0 with Prime/$39 Spend) @ Amazon AU",https://www.amazon.com.au/dp/B07VNVXPRG,https://www.amazon.com.au,tonester,29011,groceries,"price-matching 50% off Vitasoy UHT Unsweetened 1L Oat Milk $1.60, Almond Milk $1.65 @ Coles"
2023-03-27T01:00:16Z,https://www.ozbargain.com.au/node/765059,"LEGO: Classic Bricks 11013 $26, Lunar Space Station $45, Loop Stunt Arena $45, Floral Art $55 ($0 OnePass Delivery) @ Target",https://www.target.com.au/c/clearance/toys/toys/W765965?brand=LEGO&sortBy=price&sortOrder=ascending,https://www.target.com.au,hamza23,80927,toys-kids,"A bunch of LEGO on clearance at Target, most has free OnePass delivery (free trial or $4 for 1 month). It should also be free delivery without OnePass, with $60 spend. Otherwise some is available for â€¦"
2023-03-27T02:08:31Z,https://www.ozbargain.com.au/node/762943,Logitech MX Keys Wireless Illuminated Keyboard $129 Delivered @ Amazon AU,https://www.amazon.com.au/dp/B08196YFMK,https://www.amazon.com.au,D50,416099,computing,Cheapest it's been on Amazon according to camelcamelcamel Price match at officeworks brings it down to $122.55
2023-03-28T01:03:11Z,https://www.ozbargain.com.au/node/765299,$2 Bonus Cashback on $2 Spend at Chemist Warehouse Online @ Cashrewards (Activation Required),https://www.cashrewards.com.au/promo/ismellpennies_ozb_cw,https://www.cashrewards.com.au,I Smell Pennies,280217,health-beauty,Many thanks to @tightarse for urgently organising this amazing exclusive deal to celebrate my huge milestone (T&Csâ€¦ if you really wanna know what the milestone is). TA has been extremely â€¦
2023-03-28T02:25:07Z,https://www.ozbargain.com.au/node/765319,NescafÃ© Gold Original Instant Coffee 400g $13 ($11.70 with S&S) + Delivery ($0 with Prime/ $39 Spend) @ Amazon AU,https://www.amazon.com.au/dp/B07FQ86RQZ,https://www.amazon.com.au,Hiphopopotamus,102635,groceries,"Cheap instant coffee! Tastier than NescafÃ© Blend 43 and Moccona Classic in my opinion, a little stronger in a good way."
2023-03-29T01:06:40Z,https://www.ozbargain.com.au/node/765521,"[Switch] Fire Emblem Warriors: Three Hopes $29.50, Live A Live $24.50 (50% off) + Delivery ($0 with OnePass) @ Catch",https://www.catch.com.au/event/electronics-appliances-flash-sale-175525/product/nintendo-switch-fire-emblem-warriors-three-hopes-game-11917734/,https://www.catch.com.au,hamza23,80927,gaming,Live a Live link 50% off these 2 switch games as part of the Catch flash sale. Free delivery with OnePass (free trial or $4 a month if you don't have it).
2023-03-29T02:32:34Z,https://www.ozbargain.com.au/node/765543,Scrabble Original Board Game $9.49 + Shipping ($0 with One Pass) @ Catch,https://www.catch.com.au/product/scrabble-original-board-game-2888263,https://www.catch.com.au,sub102,320371,gaming,Seems cheapest ever Shows half off but RRP $39.99 10% off with Student beans
2023-03-30T01:02:53Z,https://www.ozbargain.com.au/node/765753,[Pre Order] Nintendo Switch Console OLED Model - The Legend of Zelda: Tears of the Kingdom Edition $549 Delivered @ Amazon AU,https://www.amazon.com.au/dp/B0BZTHNMBC,https://www.amazon.com.au,bargainatoraah,66814,gaming,"Another Oz rrp deal for all the fans out there. Zelda OLED console preorder available at all the usual suspects - big w, eb games etc. Releases 12 May. *game not included"
2023-03-30T02:26:10Z,https://www.ozbargain.com.au/node/765765,[Switch] Octopath Traveler II $49 Delivered @ Amazon AU | + Delivery ($0 C&C/In-Store) @ Big W,https://www.amazon.com.au/dp/B0BG7BQH54,https://www.amazon.com.au,RichardL,44499,gaming,"Back in stock and $10 cheaper than previous deal Begin your adventure as one of eight new travelers, each with their own origins, motivations, and unique skills. The seriesâ€™ HD-2D â€¦"
2023-03-30T06:12:32Z,https://www.ozbargain.com.au/node/765822,"Sony X90K Bravia XR Full Array LED 4K Ultra HD HDR Smart TV (XR75X90K) 75"" $1995 Delivered @ Sony Store AU",https://store.sony.com.au/television-4K-X9000/XR75X90K.html,https://store.sony.com.au,itshammer,225042,electrical-electronics,"Sony XR75X90K for $1995 Currently 8% cashrewards, so if this combines it makes it $1835.40. Not quite an all time low but pretty close to it. If you missed the last deal like me, this might be the â€¦"
2023-03-30T06:52:07Z,https://www.ozbargain.com.au/node/765822,"Sony X90K Bravia XR Full Array LED 4K Ultra HD HDR Smart TV (XR75X90K) 75"" $1995 Delivered @ Sony Store AU",https://store.sony.com.au/television-4K-X9000/XR75X90K.html,https://store.sony.com.au,itshammer,225042,electrical-electronics,"Sony XR75X90K for $1995 Currently 8% cashrewards, so if this combines it makes it $1835.40. Not quite an all time low but pretty close to it. If you missed the last deal like me, this might be the â€¦"
2023-03-30T07:00:32Z,https://www.ozbargain.com.au/node/765839,"Microsoft Surface Pro 7+ 12.3"" PixelSense 2-In-1 Business Laptop i7-1165G7, 16GB/512GB SSD, $1,599 Delivered @ iFrog Amazon AU",https://www.amazon.com.au/dp/B0BQ1RB8QQ,https://www.amazon.com.au,Scrooge McDeal,416369,computing,All time low price according to camelx3. I tried to squeeze the important stuff on title. It's currently 48% off on Amazon AU. Full title and Specs Microsoft Surface Pro 7+ for Business â€¦
2023-03-31T02:08:22Z,https://www.ozbargain.com.au/node/764248,"[PC, Epic] Free - Tunche @ Epic Games (31/3 - 7/4)",https://store.epicgames.com/en-US/p/tunche,https://store.epicgames.com,dealbot,96859,gaming,"Freebie from Epic Games. As usual, available from 2am AEDT. This week's freebie - Chess Ultra & World of Warships Starter Pack: Ishizuchi. Mod - See Also: [PC, Epic] Free - The Silent â€¦"
2023-04-01T02:03:31Z,https://www.ozbargain.com.au/node/766159,"PQI Turbo II Plus Industrial 64GB 2.5"" SATA SSD $3800, 64GB IDE SSD $3760 in-Store Only @ Fluidtek IT",http://www.fluidtek.com.au/webcontent93.htm,NA,Clear,144344,computing,"Between ChatGPT and Scrooge battling it out for Member of the Month, here's the SSD deal of the year that both have missed! A whopping 64GB of ultra-fast solid state storage from PQI at a â€¦"
2023-04-02T02:06:30Z,https://www.ozbargain.com.au/node/766346,"Apple 10.9-Inch iPad Air (Wi-Fi, 64GB, 5th Generation) $899 Delivered @ Amazon AU",https://www.amazon.com.au/dp/B09V3KNZ83,https://www.amazon.com.au,alterego13,63010,computing,Price only for blue colour. Cheaper than edu store ($919) Time to price match at Apple and use the 15% off Gift Cards.
2023-04-03T02:01:03Z,https://www.ozbargain.com.au/node/766520,"Google Pixel 7 Pro 128GB $974.25, Pixel 7 128GB $749.25, Pixel 6a $524.30 Delivered @ Google Store",https://store.google.com/AU/product/pixel_7_pro?hl=en-GB,https://store.google.com,KegofCanz,147793,mobile,Pixel 7 Pro on sale for A$974.25 Redeem with single use targeted code. Pixel 7 on sale for A$749.25 Redeem with single use targeted code. Pixel 6a on sale for A$524.30 Redeem with single use â€¦
2023-04-04T02:08:21Z,https://www.ozbargain.com.au/node/766768,"[VIC, NSW] Half Lobster + Bottomless Fries - 12pm-3pm - $29.95 @ Botswana Butchery",https://www.melbourne.botswanabutchery.com.au/whats-on/lobster-%2B-bottomless-fries,https://www.melbourne.botswanabutchery.com.au,pjwellsey,171845,dining-takeaway,"7 days a week | 12pm-3pm For a limited time, dine on Half Lobster cooked by our chefs and indulge in unlimited fries for only $29.95pp Available in the Flinders Lane Bar and Balcony. Lunchtime â€¦"
2023-04-05T01:47:32Z,https://www.ozbargain.com.au/node/766988,"Panasonic Eneloop Pro AAA 4-Pack $13.45 S&S, AA 4-Pack $18.4 S&S + Delivery ($0 Prime/ $39 Spend) @ Amazon AU",https://www.amazon.com.au/dp/B00JXB7RQM,https://www.amazon.com.au,MagicMushroom,203846,electrical-electronics,Offer only available for Subscribe and Save delivery only. Don't forget to cancel S&S afterwards. Cheapest since 2015 for AAA battery? AA was $18.98 ($17.08 S&S) last December during â€¦
2023-04-05T05:26:24Z,https://www.ozbargain.com.au/node/767038,"Doctor's Best Vitamin D3, 5000IU, Non-GMO, 720 Softgels, $29.66 + Delivery ($0 with Prime/ $39 Spend) @ Amazon US via AU",https://www.amazon.com.au/dp/B00JGW9MZ2,https://www.amazon.com.au,Mike444,177301,health-beauty,Fairly cheap for 720 softgels @ 5000iu each. Currently listed on ebay for double that price.
2023-04-06T02:02:22Z,https://www.ozbargain.com.au/node/767194,Seiko Prospex SNE583P Solar Green Dial Sapphire 38.5mm Diver Watch $405.30 Delivered @ David Jones,https://www.davidjones.com/product/seiko-prospex-mid-size-solar-green-dial-25009103?nav=928506,https://www.davidjones.com,rosebank,446913,fashion-apparel,"I have a few of these. They are nice. And they have SAPPHIRE crystals. I don't have this one. It's like a mini Hulk, but different. I have a Hulk so probably won't buy it, as much as I â€¦"
2023-04-07T01:59:10Z,https://www.ozbargain.com.au/node/767412,"ASUS Zenbook 14 7530U, 16GB LPDDR4x, 512GB SSD, 14"" 2.5K 16:10 400nits 100% sRGB, 75Whrs Battery $1250.10 Delivered @ Wireless 1",https://www.wireless1.com.au/asus-zenbook-14-um3402yar-kp563w-14in-wqxga-r5-7530u-16g-512g-laptop-black,https://www.wireless1.com.au,ChatGPT,24873,computing,"UM3402YAR-KP563W AMD Ryzen 5 7530U Mobile Processor (6-core/12-thread, 16MB cache, up to 4.3 GHz max boost, Zen 3) 16GB LPDDR4X on board, dual channel 512GB M.2 NVMe PCIe 3.0 SSD 14.0-inch, â€¦"
2023-04-08T01:57:02Z,https://www.ozbargain.com.au/node/767609,"Blaupunkt 85"" 4K Ultra HD Smart TV [2022] $945.25, 58"" $375.25 + Delivery ($0 C&C) @ JB HiFi",https://www.jbhifi.com.au/products/blaupunkt-85-4k-ultra-hd-smart-tv-2022?variant=39518841929929,https://www.jbhifi.com.au,superforever,14295,electrical-electronics,"85"" TV for under $1,000 58"" Key features 85"" 4K UHD Resolution LED display 60Hz Refresh Rate Smart TV Powered by WebOS TV"
2023-04-09T02:05:31Z,https://www.ozbargain.com.au/node/767744,TMEZON Solar Surveillance Camera Outdoor 2K Wireless IP Camera $78.14 Delivered @ TMEZON via Amazon,https://www.amazon.com.au/dp/B0B6ZSVPXC,https://www.amazon.com.au,superforever,14295,electrical-electronics,"Remember tick the $40 off coupon. About this item ã€100% Wireless outdoor wifi surveillance camera with solar panelã€‘Without cables, wireless surveillance camera is easy and flexible to install. â€¦"
2023-04-10T02:00:10Z,https://www.ozbargain.com.au/node/767877,Uncapped Speed on 4G & 5G for 6 Months @ Boost Mobile,https://files.ozbargain.com.au/upload/22042/102935/whatsapp_image_2023-04-10_at_08.38.37.jpeg,https://files.ozbargain.com.au,bonky,22042,mobile,Uncapped Speed on 4g & 5g @Boost Moblie from today (11/04/2023) for 6months
2023-04-11T02:02:41Z,https://www.ozbargain.com.au/node/768031,"Lekker Amsterdam 8 Speed Bicycle $1,098 (Was $1,698) Delivered @ Lekker Bikes",https://lekkerbikes.com.au/products/amsterdam-commuter-bike,https://lekkerbikes.com.au,yulezy,176601,sports-outdoors,"I had been pondering this bike for a while over tie Xmas sale while it was $1298 on sale. It seems a further discount is now available on the 8 speed, so it is now only $100 more than the 3 â€¦"
2023-04-12T02:05:24Z,https://www.ozbargain.com.au/node/768219,Corsair MP600 GS PCIe 4.0 3D TLC NVMe M.2 SSD: 2TB $206 Delivered @ Amazon AU,https://www.amazon.com.au/dp/B0BJKVNB38,https://www.amazon.com.au,ozbs25,252472,computing,"Seems to be the best price so far, beating this deal by ~$13. This one is direct from Amazon AU too."
2023-04-13T02:02:15Z,https://www.ozbargain.com.au/node/768432,Large Ham & Cheese Pizza $4 @ Domino's (App Only),https://www.dominos.com.au/landing-pages/app,https://www.dominos.com.au,brandogs,173606,dining-takeaway,For today only get a large ham & cheese pizza for $4 with coupon code 169983
2023-04-14T02:02:05Z,https://www.ozbargain.com.au/node/768676,Google Pixel 7 5G 256GB Obsidian $787 + Delivery ($0 to Metro/ C&C) @ Officeworks,https://www.officeworks.com.au/shop/officeworks/p/google-pixel-7-5g-unlocked-smartphone-256gb-obsidian-gopix7256o,https://www.officeworks.com.au,mommu,114986,mobile,"I managed to buy it online and picked it up. 6.3"" OLED display with up to 90 Hz refresh rate and FHD+ 1080 x 2400 resolution.Â³ 50 MP wide and 12 MP ultra wide rear cameras with up to 8x Super â€¦"
2023-04-15T02:04:07Z,https://www.ozbargain.com.au/node/768880,"[QLD, NSW] Free Classic Ramen @ Motto Motto (App Required)",https://files.ozbargain.com.au/upload/299074/103021/img_20230415_111143.jpg,https://files.ozbargain.com.au,djoz,299074,dining-takeaway,"A repeat of this deal but after a long time, and yes, possibly targeted. I really like Motto Motto's Ramen and the fact that it's a good dining experience. They have their stores in most â€¦"
2023-04-16T02:09:41Z,https://www.ozbargain.com.au/node/769009,"[Refurb, eBay Plus] HP Z4 G4 Workstation i7-7820X 8C 3.6GHz 32GB Quadro K420 512GB SSD Win 10 $417.57 Delivered @MetroCom eBay",https://www.ebay.com.au/itm/256044712188,https://www.ebay.com.au,MetroCom,242148,computing,"Hi all, workstation week! If you don't mind their chunky body (Z4 G4 is actually ok, 38.6x 16.9x 44.5cm), they can be a good office pc as well. With lots of cores and 32GB ram, you can open many â€¦"
2023-04-17T02:03:56Z,https://www.ozbargain.com.au/node/769161,Large Value Pepperoni Pizzas $4 (Pick up Only) @ Domino's (App Only),https://files.ozbargain.com.au/upload/416894/103052/screenshot_2023-04-17_at_11.27.58_am.png,https://files.ozbargain.com.au,HamBoi69,416894,dining-takeaway,"Part of the ""App-ril"" deals. $1 more than TA's deal *Conditions apply. Offer available via the app only, pick up only. Base price includes Value Pepperoni only. The deal can be â€¦"
2023-04-18T02:02:01Z,https://www.ozbargain.com.au/node/769397,Xbox Game Pass Ultimate 2 Month Trial $4.40 @ G2A,https://www.g2a.com/xbox-game-pass-ultimate-trial-2-months-xbox-live-key-global-i10000188766038?___language=en&aid=13437778&er=ba7186315d4c4c4ab959c73d2ceaaa90,https://www.g2a.com,Timfoo,166493,gaming,"Found this cheap 2 month ultimate game pass, usually $15.95 per month = $31.90 but only $4.40 Just tried code and it worked fine. Paid with PayPal for safety. I used it on existing account and it â€¦"
2023-04-19T02:06:42Z,https://www.ozbargain.com.au/node/769619,$30 off Min $50 Spend + Delivery & Service Fees @ Coles via UberEats,http://ubereats.com/,NA,cloudy,34092,groceries,Just noticed on my ubereats app theyâ€™re running a coles promotion. I assume not everyoneâ€™s catchment has coles so depends if it serves your area. But good deal if you can get it.
2023-04-20T02:04:48Z,https://www.ozbargain.com.au/node/769853,"$3 Bonus Cashback on $30 Amazon Gift Card @ Cashrewards (Activation Required, 3000 Cap)",https://www.cashrewards.com.au/promo/amazGC-ozb-200423,https://www.cashrewards.com.au,tightarse,27551,other,"We're aware that members can't log into Cashrewards. Will update here when resolved. Thanks for your patience. Hi again everyone, hope you are all well. This offer is limited to the â€¦"
2023-04-21T02:04:19Z,https://www.ozbargain.com.au/node/768594,"[PC, Epic] Free - Never Alone (Kisima Ingitchuna) & Beyond Blue @ Epic Games",https://store.epicgames.com/en-US/free-games,https://store.epicgames.com,dealbot,96859,gaming,"Freebie from Epic Games. As usual, available from 1am AEST."
2023-04-22T02:05:14Z,https://www.ozbargain.com.au/node/770280,Dell OptiPlex 7060 SFF PC i5-8500 16GB RAM New 256GB SSD Win11Pro $248.30 ($238.30 eBay Plus) Delivered @ Technology Locker eBay,https://www.ebay.com.au/itm/334641008070,https://www.ebay.com.au,Alzori,27207,computing,"Hey guys, I've been (somewhat obsessively) checking for a good SFF deal for a home server the last couple of weeks. This looks like a pretty great deal for an 8th gen i5 system, and more than â€¦"
2023-04-23T02:13:17Z,https://www.ozbargain.com.au/node/770426,Dymocks and Booktopia: 30% Cashback (Capped at $20) @ Cashrewards,https://www.cashrewards.com.au/category/books,https://www.cashrewards.com.au,deanmoriarty,316228,books-magazines,"30% cashback was up to 2.1%, cashback capped at $20 per member Ends: Today"
2023-04-24T02:07:58Z,https://www.ozbargain.com.au/node/770580,McChicken Burger for $1 at Participating Restaurants via App (1 Redemption Per Customer) @ McDonald's,https://mcdonalds.com.au/menu/mcchicken%C2%AE,https://mcdonalds.com.au,Stone Monkey,265983,dining-takeaway,Purchase a McChicken Burger for $1 on the 26th of April through the Macca's App from 10:30am. Via News.com.au
2023-04-25T02:07:02Z,https://www.ozbargain.com.au/node/770764,$15 Value Burger Box (4x Original/Zinger Burgers + 4x Regular Chips) Online & Pickup Only @ KFC,https://files.ozbargain.com.au/upload/174418/103224/screenshot_20230425-114610-384.png,https://files.ozbargain.com.au,GoingGoingGong,174418,dining-takeaway,"Call the fam, itâ€™s time to feast. Score 4 Original Fillet or 4 ZingerÂ® Burgers and 4 Reg Chips for $15. Online order for pick up only. Received in email and confirmed in app, likely targeted."
2023-04-26T02:05:37Z,https://www.ozbargain.com.au/node/770580,McChicken Burger for $1 at Participating Restaurants via App (1 Redemption Per Customer) @ McDonald's,https://mcdonalds.com.au/menu/mcchickenÂ®,https://mcdonalds.com.au,Stone Monkey,265983,dining-takeaway,Purchase a McChicken Burger for $1 on the 26th of April through the Macca's App from 10:30am. Via News.com.au Media Release/Terms
2023-04-27T02:05:36Z,https://www.ozbargain.com.au/node/771139,Liquorland: 20% Cashback (Capped at $30) @ Cashrewards,https://www.cashrewards.com.au/liquorland,https://www.cashrewards.com.au,nocure,108767,alcohol,Don't forget to remember to have yourselves a great day Mod: added terms/conditions Special Terms Cashback is ineligible on the following: Penfolds and Dom Perignon products. Orders paid â€¦
2023-04-28T02:05:17Z,https://www.ozbargain.com.au/node/771326,"Pizza Hut: 50% Cashback (Capped at $10, Excludes Cash Orders) @ Cheddar",https://www.getcheddar.com.au/brand/pizza-hut-93m1n6/deal/50-percent-cashback-capped-at-10-dollars-na89bg,https://www.getcheddar.com.au,WoodYouLikeSomeCash,299294,dining-takeaway,"Grab a slice of up to 50% cashback! Explore epic cashback deals across food delivery, electronics, designer fashion and more. Deal Terms 15% Surcharge on Sundays & Public Holidays 10% â€¦"
2023-04-29T02:04:17Z,https://www.ozbargain.com.au/node/771543,"Lenovo ThinkPad T16 Gen 1 AMD (Ryzen7 6850U, 16GB RAM, 512GB SSD, 16.0"" 1920x1200 Touch) $1,375 Delivered @ Lenovo",https://www.lenovo.com/au/en/p/laptops/thinkpad/thinkpadt/thinkpad-t16-(16''-amd)/21ch001rau,https://www.lenovo.com,ozbargain-pashim,377475,electrical-electronics,"This seems like a great deal for under $1.4k. AMD version is better than Intel in terms of performance and efficiency, but you lose USB4 which I don't think is an issue for most people as USB â€¦"
2023-04-30T07:09:13Z,https://www.ozbargain.com.au/node/771718,Minimum 15% Bonus Velocity Points When You Transfer Your Reward Points from Participating Partners @ Velocity,https://experience.velocityfrequentflyer.com/partners-offers/transfer-bonus,https://experience.velocityfrequentflyer.com,ol mate,24785,travel,Looks like Google has somehow picked up the not-so-secret Velocity point transfer starting tomorrow. Minimum 15% bonus on transfers of points from award programs to Velocity - looking at the holding â€¦
2023-05-01T02:04:52Z,https://www.ozbargain.com.au/node/771197,"May Weekly Deals: Wk 1 Small Big Mac Meal w/ Cheeseburger $6.90, Wk 2 20% off $10 Order + More @ McDonaldâ€™s via MyMacca's App",https://mcdonalds.com.au/mobileordering,https://mcdonalds.com.au,jdeals1,387997,dining-takeaway,May weekly deals are back with a brand new/same as last year calendar of deals throughout the month. This monthâ€™s deals are as follows (and note there is no increase from last year): Week â€¦
2023-05-02T02:03:04Z,https://www.ozbargain.com.au/node/772031,Soundcore by Anker Space A40 Adaptive Active Noise Cancelling Wireless Earbuds $97.49 Delivered @ AnkerDirect via Amazon AU,https://www.amazon.com.au/dp/B0B1LVC5VZ?smid=A33XXGVNKGGJCW,https://www.amazon.com.au,pointnlarf,125916,electrical-electronics,Bought these for $110 during the last deal and have found them quite good. Reduce Noise By Up to 98%: Space A40 has an upgraded noise cancelling system to block out a wider range of distracting â€¦
2023-05-03T02:03:06Z,https://www.ozbargain.com.au/node/772268,[Refurb] Dell Optiplex 7060 Micro i5-8500T 2.1GHz 8GB 256GB Wi-Fi W11 Home $255.20 ($248.82 eBay+) Delivered @ BNEACTTRADER eBay,https://www.ebay.com.au/itm/195227349270,https://www.ebay.com.au,allewell,265269,computing,"It's back again, at the same price as last time Dell 7060 Micro Intel i5 8500T 2.10Ghz 8Gb Ram 256Gb SSD AC Wifi + Bluetooth Previous deal: https://www.ozbargain.com.au/node/751847 Original â€¦"
2023-05-04T02:01:25Z,https://www.ozbargain.com.au/node/771419,2 for 1 Burgers (Exclusions Apply) @ Betty's Burgers,https://www.bettysburgers.com.au/,https://www.bettysburgers.com.au,brandogs,173606,dining-takeaway,"Deal Post Copied from Facebook Event page Celebrate Bettyâ€™s Bestie Day with â€¦ ðŸ” 2 FOR 1 BURGERS ðŸ” Choice of 3 burgers! Thursday 4 May, 2023 ðŸ™ŒðŸ¼ Choice of 3 â€¦"
2023-05-05T02:00:05Z,https://www.ozbargain.com.au/node/772756,"20% off Eligible Items, Max Discount $1000 @ digiDirect eBay",https://www.ebay.com.au/e/coupon-offers/20-digidirect-item-level-solus-may23,https://www.ebay.com.au,Buy2Much,282111,electrical-electronics,"It's back. However seems more restrictive with ""Eligible items"". Not everything in their store gets 20% off. Sony, Nikon, Olympus, and Lumix photographers will be disappointed. â€¦"
2023-05-06T01:58:03Z,https://www.ozbargain.com.au/node/771805,"Double Credits - Load $60 Get $120, Load $100 Get $200 @ Timezone",https://www.timezonegames.com/en-au/double-dollars,https://www.timezonegames.com,dealbot,96859,entertainment,"Powercards at the ready! On Saturday 06 May 2023, get down to Timezone and double your fun with Double Dollars! Game your way to the top of the leaderboard by doubling your $60 and $100 loads. â€¦"
2023-05-07T02:10:47Z,https://www.ozbargain.com.au/node/773118,"Gaming PC: MSI RTX 4070, R5 7600, 500GB Gen4 M.2, 32GB 6000MHz DDR5 RAM, MSI B650-P Wi-Fi, 650W Gold $2069 + $45 Del @ Nebula PC",https://www.nebulapc.com.au/products/phantom,https://www.nebulapc.com.au,Nebula PC,464749,computing,"Happy lazy Sunday OzBargain! Letâ€™s start it off with a banger. I want first to thank everyone who supported us from our last deal post, we received dozens of orders and were flooded by enquiries. â€¦"
2023-05-08T02:04:28Z,https://www.ozbargain.com.au/node/773296,"$30 Cashback When Paying an Energy Bill (Min Spend $100, 10 Participating Energy Retailers) @ Westpac (Debit Mastercards)",https://www.westpac.com.au/personal-banking/bank-accounts/bills-cashback-31-70/,https://www.westpac.com.au,hamza23,80927,home-garden,"Received this email for my Westpac Debit Mastercard (linked to Westpac Choice bank account, which is $0/month with $2k deposit). Check your emails if you have a Westpac Debit Mastercard. Pay $100 on â€¦"
2023-05-09T02:04:57Z,https://www.ozbargain.com.au/node/773492,Samsung 980 PCIe 3.0 NVMe M.2 SSD 500GB $39 + Delivery ($0 C&C/ in-Store) + Surcharge @ CentreCom,https://www.centrecom.com.au/samsung-500gb-980-pcie-30-nvme-m2-ssd,https://www.centrecom.com.au,KnifeEnthusiastBoi,79718,computing,"Last time in April it was $49, now its $39. Surcharges: 1.2% Card & PayPal, 2% AmEx. Warrantied TBW for 980: 300 TBW for 500GB model.* 5 years or TBW. has good reliability"
2023-05-10T02:02:31Z,https://www.ozbargain.com.au/node/773667,"Adata XPG S70 BLADE M.2 2280 NVMe Gen4 SSD: 1TB $89, 2TB $169 + Delivery @ PCByte",https://www.pcbyte.com.au/p/adata-xpg-s70-blade-m-2-2280-nvme-1tb-gen4-ssd-7400mb-s-agammixs70b-1t-cs-272838,https://www.pcbyte.com.au,legendairyy,247260,computing,"TLC with DRAM PS5 compatible Gen4 speeds: 7400 MB/s read, 5500 MB/s write for 1 TB model (6800 MB/s for 2 TB model) Good reviews with updated firmware â€¦"
2023-05-11T02:03:05Z,https://www.ozbargain.com.au/node/773914,"10% off Eligible Items, 12% off for eBay Plus Members ($300 Discount Cap, up to 5 Uses Per Account) @ eBay",https://pages.ebay.com.au/buyer_coupons/2023/savmay12/,https://pages.ebay.com.au,Buy2Much,282111,other,"10-12% discount codes for the next 7 days. Q: How to find out eligible sellers/items? A: Do a search on the item you want, the resulting listing should show the ""eligible"" ones with 10% â€¦"
2023-05-12T02:01:45Z,https://www.ozbargain.com.au/node/774140,[Switch] Bayonetta 3 $49 Delivered @ Amazon AU | + Delivery ($0 C&C/In-Store) @ JB Hi-Fi,https://www.amazon.com.au/dp/B09ZHD5WFY,https://www.amazon.com.au,RichardL,44499,gaming,"Amazon price-matching JB Hi-Fi. About this item Play as the bewitching Bayonetta in the third installment of her climax action game series Shoot, stomp, and slam in a wicked new look â€¦"
2023-05-12T07:26:58Z,https://www.ozbargain.com.au/node/774214,"20x Flybuys Points on Apple Gift Card Purchase (Limit 50,000 Points/Account, Excludes $20) @ Coles",https://files.ozbargain.com.au/upload/403708/103621/17-may-2023_c_43.jpg,https://files.ozbargain.com.au,VantageXL,403708,other,From the upcoming Coles catalogue beginning Wed 17 May. Limit 5 Gift Cards per Flybuys account. Offer valid from 17/5/23 to 23/5/23 and only available in store at Coles Supermarkets (excludes â€¦
2023-05-13T02:00:41Z,https://www.ozbargain.com.au/node/770072,"[PC, PS5, PS4, XB1, XSX] Diablo IV Open Beta Server Slam (May 12 - 14) - Free @ Blizzard",https://diablo4.blizzard.com/en-gb/server-slam,https://diablo4.blizzard.com,Scrooge McDeal,416369,gaming,"Hey everyone! Everyone thought all beta testing ended in March, and we were sure that was it. How wrong we were! Just now, Blizzard announced a Server Slam, which is basically another, and this time â€¦"
2023-05-14T02:07:08Z,https://www.ozbargain.com.au/node/774515,Apple USB-C to Lightning or USB C (Woven) 1m Cable $14.50 (RRP $29) + Shipping ($0 with Prime or OnePass) @ Amazon AU and Catch,https://www.amazon.com.au/dp/B09JRDNS19?smid=ANEGB3WVEVKZB,https://www.amazon.com.au,tyc719,379774,electrical-electronics,"Apple Cables $14.50, half price RRP $29: USB-C to Lightning â€¦"
2023-05-15T02:07:21Z,https://www.ozbargain.com.au/node/771197,"May Weekly Deals: Wk 2 20% off $10 Order, Wk 3 Small McChicken Meal w/ Cheeseburger $6.90 + More @ McDonaldâ€™s via MyMacca's Ap",https://mcdonalds.com.au/mobileordering,https://mcdonalds.com.au,jdeals1,387997,dining-takeaway,May weekly deals are back with a brand new/same as last year calendar of deals throughout the month. This monthâ€™s deals are as follows (and note there is no increase from last year): Week â€¦
2023-05-16T02:07:38Z,https://www.ozbargain.com.au/node/774947,[eBay Plus] Dyson Gen5detect Absolute $921 Delivered @ Dyson eBay,https://www.ebay.com.au/itm/155550856932,https://www.ebay.com.au,joeiwu,165087,electrical-electronics,Very cheap and cheaper yet to this deal: https://www.ozbargain.com.au/node/774880 Full credit to: @alanxu120 Original Coupon Deal I just bought with $900 eBay gift card purchased from â€¦
2023-05-17T02:06:08Z,https://www.ozbargain.com.au/node/774505,"$1 120g and 180g Sausage Roll Varieties (17 May Only, Excludes Jumbo Size) @ 7-Eleven (App Required)",https://files.ozbargain.com.au/upload/394840/103655/screenshot_20230514-102827_facebook.jpg,https://files.ozbargain.com.au,nicholasv,394840,dining-takeaway,"Hi all, Spotted on Facebook. Looks to be a repeat of this deal. Edit: I've copied the T&Cs directly from the app: Offer entitles you to a 7-Eleven Sausage Roll for $1 on 17.05.2023 only. â€¦"
2023-05-18T02:04:23Z,https://www.ozbargain.com.au/node/775493,Parmelia Hilton Perth CBD $20/Night (Feb & Mar '24) @ Booking.com/Agoda/Rehlat,https://www.google.com/travel/search?g2lb=2502548%2C2503771%2C2503781%2C2504113%2C4258168%2C4270442%2C4284970%2C4291517%2C4306835%2C4597339%2C4757164%2C4814050%2C4850738%2C4864715%2C4874190%2C4886480%2C4893075%2C4920132%2C492407&q=parmelia+hilton+perth,https://www.google.com,neil,183,travel,"$20 hotel rooms at the Parmelia Hilton Perth (a 5 star hotel) in Feb & March 2024. $50 Night in January only on Agoda, Booking.com and related sites. Normal pricing seems to be about $230/night. â€¦"
2023-05-19T02:04:59Z,https://www.ozbargain.com.au/node/774917,"[NSW, VIC, QLD, WA] Free Original Glazed Dozen with Any Dozen Purchase @ Krispy Kreme",https://files.ozbargain.com.au/upload/173606/103687/screenshot_20230516_100621_outlook.jpg,https://files.ozbargain.com.au,brandogs,173606,dining-takeaway,Available in-store on Friday 19th May. Available online from 6pm AEST 19th May until 11:59pm 20th May with code SHAREJOY Share the JOY by sharing a box of smiles! To help you make sure you â€¦
2023-05-20T02:04:16Z,https://www.ozbargain.com.au/node/775938,[VIC] Low-Cost Pet Vaccination and Health Check $54.26 @ RSPCA Victoria,https://rspcavic.org/petclinics/,https://rspcavic.org,Ulya,97352,pets,"RSPCA Victoria is thrilled to be hosting our first ever low-cost pet vaccination and health clinics, making veterinary care more accessible for people and their pets. A healthy, happy pet is key to â€¦"
2023-05-21T02:10:30Z,https://www.ozbargain.com.au/node/776077,Russell Hobbs Desire Mini Chopper $33.9 + Delivery ($0 with Prime/ $39 Spend) @ Amazon AU,https://www.amazon.com.au/dp/B08K98BNBB,https://www.amazon.com.au,MSG,103218,home-garden,"A seriously useful gadget for the kitchen. We use it daily for chopping and dicing, works beautifully for everything (onion, garlic, tomato etc) and gets the job done in seconds. If you want a finer â€¦"
2023-05-22T02:11:00Z,https://www.ozbargain.com.au/node/776231,Collect 1000 Pts if Switch to Bank for Christmas @ Everyday Rewards App,https://files.ozbargain.com.au/upload/210713/103818/screenshot_2023-05-22_112907.jpg,https://files.ozbargain.com.au,TanedaR,210713,groceries," Check your email and see if you've received this bonus tap the switch now icon in the offer email or Open the EDR App, tap the account icon on your top right corner Account -> Choose How â€¦"
